Date,AMD,BLL,XLNX,SBUX,AZO,CMG,CDNS,CINF,AMT,HSY
2018-06-20,16.520000457763697,35.4114265441895,67.5745468139648,51.0772514343262,690.0599975585941,465.5,45.2000007629395,66.75482177734379,137.773696899414,89.5050735473633
2018-06-21,15.6499996185303,34.975227355956996,66.6294479370117,49.512264251709006,688.5,463.160003662109,44.9000015258789,66.0530548095703,138.891250610352,89.5537948608398
2018-06-22,15.8000001907349,35.5997886657715,65.6941986083984,50.11869812011721,685.97998046875,469.940002441406,43.869998931884794,66.60861968994139,140.008834838867,90.29430389404301
2018-06-25,15.109999656677198,35.6096954345703,64.46360015869139,49.551395416259794,678.460021972656,454.170013427734,43.3400001525879,66.4916534423828,139.35202026367202,91.7850799560547
2018-06-26,15.5,35.43125534057621,64.9558486938477,49.2775192260742,675.3499755859381,461.700012207031,43.529998779296896,65.43902587890621,140.351943969727,91.62918090820308
2018-06-27,14.970000267028801,34.955398559570305,63.4889640808105,48.7493362426758,669.219970703125,457.239990234375,42.8600006103516,64.649543762207,140.528396606445,91.5220108032227
2018-06-28,15.3100004196167,34.9454879760742,64.119026184082,47.477787017822294,678.440002441406,428.359985351562,43.0999984741211,65.45852661132811,141.420471191406,91.7656021118164
2018-06-29,14.9899997711182,35.2428970336914,64.2470169067383,47.7809982299805,670.929992675781,431.369995117188,43.310001373290994,65.16611480712889,141.33224487304702,90.67430877685551
2018-07-02,15.1599998474121,35.451080322265604,64.62111663818361,47.9864082336426,667.809997558594,442.820007324219,43.7700004577637,65.2830810546875,141.822402954102,89.86559295654301
2018-07-03,15.0,35.798057556152294,63.666168212890604,47.702751159668,673.510009765625,448.950012207031,43.810001373290994,65.653450012207,140.214691162109,90.3917465209961
2018-07-05,15.5,36.135124206543004,65.7926406860352,47.5462532043457,675.940002441406,448.01998901367205,44.459999084472706,65.7899017333984,142.802749633789,92.7204818725586
2018-07-06,16.3600006103516,36.5514907836914,66.5408401489258,47.90815734863279,681.8599853515619,451.04000854492205,44.880001068115206,66.60861968994139,142.93997192382798,93.1004791259766
2018-07-09,16.6100006103516,36.7398529052734,66.91494750976561,48.8080253601074,690.619995117188,463.890014648438,44.869998931884794,68.0218887329102,139.381423950195,91.5122604370117
2018-07-10,16.5499992370605,37.3247566223145,68.1160125732422,49.3166427612305,692.6799926757809,454.20999145507795,44.779998779296896,68.10959625244139,140.714660644531,91.40509033203121
2018-07-11,16.270000457763697,37.4338035583496,66.28488159179689,49.04277038574221,681.460021972656,457.179992675781,44.5999984741211,68.0218887329102,140.587219238281,91.62918090820308
2018-07-12,16.5599994659424,37.542854309081996,67.16107177734379,49.150360107421896,686.97998046875,459.049987792969,45.5699996948242,67.8756790161133,140.930328369141,91.2589263916016
2018-07-13,16.270000457763697,37.295013427734396,66.93463134765621,50.490383148193395,686.969970703125,457.20999145507795,45.290000915527294,67.8464508056641,140.41076660156202,91.5804595947266
2018-07-16,16.5799999237061,37.0868263244629,66.6688232421875,49.8252639770508,692.780029296875,452.059997558594,45.0699996948242,68.7528762817383,138.969680786133,90.37225341796879
2018-07-17,16.870000839233402,37.9195709228516,67.1906051635742,50.1578216552734,699.9400024414059,452.54000854492205,45.6599998474121,68.76263427734379,139.37161254882798,91.16149139404301
2018-07-18,16.8500003814697,37.751045227050795,67.67299652099611,50.030670166015604,694.0,453.579986572266,45.5200004577637,69.49362945556639,138.59716796875,89.06661987304692
2018-07-19,16.7099990844727,37.939395904541,67.5843963623047,50.2165107727051,716.1699829101559,454.829986572266,45.2299995422363,68.47998046875,138.881454467773,89.86559295654301
2018-07-20,16.5,37.2652740478516,67.11183929443361,49.7959213256836,714.349975585938,451.190002441406,45.1399993896484,68.9088287353516,137.616851806641,89.56353759765621
2018-07-23,16.6599998474121,37.5527687072754,67.30874633789061,50.069793701171896,714.780029296875,456.589996337891,45.1500015258789,69.09401702880861,138.067810058594,88.7060928344727
2018-07-24,16.1900005340576,37.800605773925795,66.6885223388672,50.050228118896506,705.2899780273441,449.48001098632795,45.5,68.94781494140621,138.783432006836,89.69994354248051
2018-07-25,16.0499992370605,37.7906951904297,66.91494750976561,50.490383148193395,705.719970703125,451.630004882812,46.7999992370605,69.49362945556639,140.12646484375,90.4502105712891
2018-07-26,18.3500003814697,38.2169799804688,73.333740234375,50.324104309082,711.140014648438,446.760009765625,46.2599983215332,70.4682998657227,141.66555786132798,97.1051177978516
2018-07-27,18.9400005340576,38.4350814819336,72.7332077026367,51.0087890625,699.780029296875,472.299987792969,45.2400016784668,72.5540771484375,141.538131713867,94.5035552978516
2018-07-30,19.4200000762939,38.24672317504879,71.7684326171875,50.764255523681605,698.4600219726559,465.47000122070295,43.9099998474121,73.48976135253909,139.910781860352,95.2927932739258
2018-07-31,18.3299999237061,38.6333503723145,70.951301574707,51.243534088134794,705.530029296875,433.660003662109,44.0900001525879,73.71392822265621,145.32214355468798,95.6922836303711
2018-08-01,18.479999542236303,38.990242004394496,70.0357513427734,50.7936019897461,701.2999877929691,442.630004882812,43.9900016784668,73.3435592651367,147.21414184570298,94.0553512573242
2018-08-02,18.7900009155273,40.179874420166,70.6067428588867,50.549072265625,719.0800170898441,460.380004882812,44.7000007629395,73.3435592651367,145.292724609375,95.03945922851558
2018-08-03,18.4899997711182,41.062183380127,70.75440979003909,51.087032318115206,721.380004882812,463.26998901367205,44.7700004577637,73.6262130737305,148.018005371094,96.61792755126949
2018-08-06,19.4300003051758,41.0919303894043,71.9850082397461,50.930534362793,725.380004882812,475.25,45.0900001525879,74.0355682373047,147.939590454102,97.50460815429692
2018-08-07,19.5599994659424,41.379425048828104,72.65777587890621,50.930534362793,729.9099731445309,478.01998901367205,45.1599998474121,73.1486282348633,147.076919555664,96.0528030395508
2018-08-08,19.5799999237061,41.101837158203104,72.6478729248047,50.772945404052706,732.7899780273441,487.570007324219,45.0699996948242,73.17787170410159,146.380905151367,95.1856155395508
2018-08-09,19.1000003814697,40.8936538696289,72.6478729248047,51.1373710632324,736.2899780273441,487.679992675781,45.33000183105471,73.0998840332031,147.606292724609,94.8445816040039
2018-08-10,19.0599994659424,39.9716911315918,70.4020538330078,50.733547210693395,738.9600219726559,485.47000122070295,45.2000007629395,72.5053405761719,146.24362182617202,95.1953582763672
2018-08-13,19.729999542236303,39.3074798583984,70.886833190918,51.0290298461914,729.4099731445309,484.660003662109,45.3600006103516,71.8230819702148,146.07698059082,95.54613494873051
2018-08-14,20.020000457763697,39.357048034668004,70.4020538330078,51.797271728515604,754.869995117188,493.320007324219,46.0,72.4273681640625,146.17501831054702,96.08202362060551
2018-08-15,19.7000007629395,39.7635040283203,69.8579025268555,51.9548568725586,752.010009765625,525.8900146484381,45.439998626709006,72.5540771484375,146.59655761718798,97.8651275634766
2018-08-16,19.3299999237061,39.9518585205078,69.8579025268555,52.2404899597168,762.739990234375,502.700012207031,45.369998931884794,73.3825454711914,146.773010253906,97.92357635498051
2018-08-17,19.770000457763697,40.308753967285206,70.2635345458984,52.7526512145996,765.3400268554691,510.440002441406,45.1800003051758,73.8308944702148,148.194488525391,98.8784637451172
2018-08-20,19.979999542236303,40.566501617431605,70.3624801635742,53.10722351074221,766.859985351562,515.75,45.08000183105471,74.2110061645508,147.821929931641,99.81385040283199
2018-08-21,20.3999996185303,40.7152099609375,71.64862060546879,53.1860160827637,767.0,518.9000244140619,45.4000015258789,74.4936599731445,146.34167480468798,98.4984588623047
2018-08-22,20.8999996185303,40.308753967285206,72.1927795410156,52.0238037109375,758.760009765625,523.580017089844,45.75,74.0940475463867,145.194717407227,97.6312637329102
2018-08-23,22.2900009155273,40.328582763671896,72.38075256347659,51.8662185668945,771.369995117188,518.039978027344,46.369998931884794,74.22076416015621,144.479064941406,97.1523284912109
2018-08-24,23.9799995422363,40.735034942627,73.004035949707,51.9548568725586,770.52001953125,520.710021972656,46.8199996948242,74.55213928222659,145.145690917969,97.9178466796875
2018-08-27,25.260000228881804,41.488468170166,74.438591003418,52.1715431213379,767.9400024414059,495.600006103516,46.8400001525879,74.9030227661133,145.449569702148,97.4467620849609
2018-08-28,25.0499992370605,41.3100242614746,76.1699523925781,52.250335693359396,766.119995117188,494.089996337891,46.9099998474121,74.84454345703121,147.14553833007798,96.92660522460942
2018-08-29,25.2000007629395,41.4785575866699,77.4264297485352,52.447322845459006,769.640014648438,487.649993896484,47.2599983215332,74.7665557861328,147.48864746093798,97.7608184814453
2018-08-30,24.8899993896484,41.4785575866699,76.3975067138672,52.2995834350586,760.890014648438,483.989990234375,47.060001373290994,74.3864517211914,146.008377075195,98.0650634765625
2018-08-31,25.1700000762939,41.617683410644496,77.0010070800781,52.6443061828613,766.880004882812,475.179992675781,47.040000915527294,74.7275848388672,146.184799194336,98.65392303466801
2018-09-04,28.059999465942397,41.160560607910206,77.9507751464844,52.72309875488279,783.0,477.489990234375,46.6399993896484,75.2246627807617,145.233901977539,99.61573028564449
2018-09-05,28.510000228881804,41.6872444152832,77.96067810058591,52.979183197021506,772.4299926757809,477.880004882812,46.529998779296896,75.4878158569336,144.694747924805,100.960304260254
2018-09-06,27.8400001525879,41.8760528564453,77.2087707519531,53.392848968505895,771.6599731445309,481.049987792969,46.540000915527294,75.6730041503906,145.175094604492,102.30487060546899
2018-09-07,27.3799991607666,42.1543006896973,76.3777084350586,54.033054351806605,772.530029296875,482.02999877929705,46.439998626709006,75.2051696777344,143.665420532227,101.716011047363
2018-09-10,29.8899993896484,42.9095420837402,76.1204833984375,54.141395568847706,764.97998046875,489.119995117188,46.4900016784668,75.0784606933594,144.43005371093798,102.471710205078
2018-09-11,30.100000381469698,42.5219841003418,75.6455993652344,54.289134979248,764.3200073242191,488.23001098632795,46.459999084472706,74.8542938232422,144.106552124023,102.30487060546899
2018-09-12,32.2099990844727,42.929412841796896,75.2993240356445,54.141395568847706,764.02001953125,494.76998901367205,45.869998931884794,74.0453186035156,144.410446166992,104.05181884765601
2018-09-13,30.4799995422363,43.5355949401855,76.516227722168,54.0626029968262,765.2999877929691,495.940002441406,46.310001373290994,74.9517593383789,145.79269409179702,104.621047973633
2018-09-14,32.720001220703104,43.863525390625,76.743766784668,53.924709320068395,749.2000122070309,491.559997558594,46.2599983215332,75.7997131347656,144.292816162109,104.002754211426
2018-09-17,32.4300003051758,43.863525390625,75.90283203125,53.7474250793457,747.52001953125,488.320007324219,45.369998931884794,75.86793518066409,144.841781616211,101.843589782715
2018-09-18,31.9300003051758,44.6386375427246,76.743766784668,54.2398872375488,732.760009765625,491.489990234375,45.220001220703104,76.52545166015621,144.508499145508,101.519721984863
2018-09-19,31.2099990844727,43.952964782714794,76.8229217529297,54.5944595336914,754.280029296875,490.600006103516,45.029998779296896,77.1142501831055,144.67512512207,100.754196166992
2018-09-20,31.1800003051758,44.1119613647461,78.1288604736328,55.5793876647949,761.9099731445309,480.100006103516,45.75,77.4969787597656,145.802505493164,101.52953338623001
2018-09-21,31.0200004577637,44.2908325195312,77.8914260864258,56.584011077880895,769.869995117188,467.369995117188,45.529998779296896,77.5558547973633,145.567230224609,101.971176147461
2018-09-24,32.6100006103516,44.579017639160206,78.2970504760742,55.8354644775391,765.0,465.890014648438,45.5699996948242,75.9660720825195,143.498764038086,100.292930603027
2018-09-25,32.5699996948242,43.9430274963379,76.5360107421875,56.042301177978494,772.7999877929691,465.619995117188,45.41999816894529,75.7894287109375,142.832138061523,100.391075134277
2018-09-26,32.189998626709,44.022525787353494,77.47589111328121,56.4067268371582,778.0,467.910003662109,44.9500007629395,75.1711807250977,141.11657714843798,100.10645294189501
2018-09-27,32.5900001525879,43.863525390625,79.048957824707,56.475669860839794,779.780029296875,465.399993896484,45.0099983215332,75.0926742553711,141.343307495117,99.8512802124023
2018-09-28,30.8899993896484,43.7144660949707,79.3160781860352,55.9832077026367,775.7000122070309,454.51998901367205,45.3199996948242,75.3772659301758,143.22604370117202,100.10645294189501
2018-10-01,31.4200000762939,43.6051559448242,79.1083145141602,54.7422027587891,770.349975585938,446.97000122070295,45.060001373290994,73.96412658691409,141.974182128906,99.75314331054692
2018-10-02,29.0200004577637,44.17158508300779,79.3358688354492,54.7520523071289,762.8200073242191,436.369995117188,44.4900016784668,74.660888671875,142.072738647461,100.79344940185499
2018-10-03,28.4300003051758,45.036136627197294,81.2453155517578,54.6338577270508,763.6900024414059,436.440002441406,44.9000015258789,74.43516540527341,141.855880737305,100.20459747314501
2018-10-04,27.780000686645497,45.5230712890625,81.36402893066409,55.0475273132324,763.900024414062,447.76998901367205,43.41999816894529,75.0730514526367,142.378326416016,100.82290649414101
2018-10-05,27.350000381469698,45.6423187255859,77.0702667236328,54.9194831848145,771.2999877929691,449.359985351562,42.9000015258789,75.2496871948242,142.683898925781,102.452079772949
2018-10-08,26.4599990844727,46.059684753418,76.6448440551758,55.6877288818359,788.469970703125,448.559997558594,41.4099998474121,76.1623458862305,143.709045410156,104.257934570312
2018-10-09,27.239999771118196,45.433631896972706,76.8229217529297,56.840091705322294,782.5900268554691,447.089996337891,41.310001373291,76.5745162963867,145.542495727539,102.97224426269501
2018-10-10,25.0,43.5852851867676,73.6866912841797,55.1657180786133,778.1699829101559,434.20999145507795,39.47999954223629,74.9062194824219,143.423187255859,101.81414794921899
2018-10-11,25.2999992370605,43.23747253417971,73.201904296875,54.033054351806605,769.010009765625,433.929992675781,39.1300010681152,71.5990753173828,138.671981811523,100.194778442383
2018-10-12,26.3400001525879,43.8834037780762,75.3092269897461,55.5990867614746,774.9600219726559,435.70999145507795,39.9900016784668,70.9808349609375,140.02243041992202,101.490280151367
2018-10-15,26.260000228881804,44.3206443786621,74.7353973388672,55.894561767578104,787.0,431.739990234375,39.3800010681152,70.8140029907227,140.692718505859,103.011505126953
2018-10-16,28.1800003051758,45.811248779296896,78.0497207641602,56.9385871887207,773.510009765625,433.950012207031,40.3400001525879,72.9042663574219,143.610488891602,103.54148101806601
2018-10-17,27.2999992370605,45.9106216430664,76.8921737670898,58.2091407775879,714.7100219726559,429.850006103516,40.4000015258789,74.3370361328125,144.586334228516,103.237236022949
2018-10-18,26.6200008392334,45.9106216430664,75.10145568847659,57.756072998046896,730.030029296875,431.73001098632795,40.040000915527294,74.2683410644531,144.694763183594,102.63855743408199
2018-10-19,23.6599998474121,45.6423187255859,73.31072998046879,57.7757720947266,725.7999877929691,428.54000854492205,40.1100006103516,74.886589050293,148.00680541992202,104.60143280029301
2018-10-22,25.030000686645497,44.847328186035206,74.1121063232422,58.0121536254883,736.280029296875,431.190002441406,40.6100006103516,73.68934631347659,147.11965942382798,103.81627655029301
2018-10-23,25.0900001525879,44.827449798584006,74.00328063964841,57.9235153198242,734.3400268554691,434.29000854492205,46.8499984741211,72.53135681152341,148.696838378906,105.71044158935499
2018-10-24,22.7900009155273,43.3765983581543,68.3046340942383,57.184818267822294,728.219970703125,413.0,45.1100006103516,70.0583648681641,149.800827026367,106.161911010742
2018-10-25,19.270000457763697,43.0486640930176,78.5542831420898,58.071250915527294,740.0,423.880004882812,46.529998779296896,70.4116516113281,151.318862915039,100.930854797363
2018-10-26,17.6299991607666,43.1182250976562,77.9408798217773,57.1946678161621,743.5700073242191,438.380004882812,45.5200004577637,75.0730514526367,147.474517822266,100.61679077148399
2018-10-29,16.8500003814697,43.59521484375,77.5154647827148,57.4901466369629,747.0499877929691,440.869995117188,44.2000007629395,75.3674545288086,150.638717651367,104.032188415527
2018-10-30,17.2000007629395,44.688327789306605,81.1760635375977,57.7068290710449,747.400024414062,461.76998901367205,44.380001068115206,76.9081649780273,158.652648925781,106.03433227539101
2018-10-31,18.2099990844727,44.5193939208984,84.460693359375,57.3916511535645,733.469970703125,460.329986572266,44.5699996948242,77.1731338500977,153.586029052734,105.160850524902
2018-11-01,20.2199993133545,47.32173156738279,86.0634384155273,57.746223449707,745.869995117188,472.619995117188,45.310001373290994,76.9670486450195,150.835845947266,105.34732055664101
2018-11-02,20.229999542236303,47.063362121582,84.1638870239258,63.3504524230957,760.489990234375,476.390014648438,45.1500015258789,76.5941467285156,149.889541625977,103.875160217285
2018-11-05,19.8999996185303,47.1130447387695,83.4614486694336,63.5080451965332,766.349975585938,469.649993896484,44.9500007629395,77.7030563354492,153.477600097656,104.98419189453101
2018-11-06,20.6800003051758,47.56022644042971,85.0048370361328,65.0149765014648,781.02001953125,474.149993896484,44.7000007629395,78.66477966308591,153.93103027343798,105.69082641601601
2018-11-07,21.8400001525879,48.534088134765604,84.1935653686523,67.1325759887695,790.5,477.489990234375,46.1500015258789,79.2732162475586,154.70974731445298,106.044143676758
2018-11-08,21.2000007629395,48.41484069824221,85.7567367553711,67.6841354370117,798.9400024414059,478.299987792969,46.459999084472706,79.8816452026367,157.085357666016,105.08233642578101
2018-11-09,21.0300006866455,48.3750877380371,85.0811767578125,67.5659332275391,793.869995117188,490.760009765625,46.2599983215332,79.8031387329102,157.85421752929702,106.564308166504
2018-11-12,19.0300006866455,47.9875335693359,81.7927703857422,66.8863372802734,792.599975585938,489.670013427734,44.8199996948242,78.77272033691409,158.731521606445,106.652626037598
2018-11-13,19.6100006103516,48.7924575805664,83.0147476196289,66.3938751220703,813.47998046875,484.820007324219,44.5999984741211,79.4498519897461,159.007522583008,107.11389923095699
2018-11-14,20.8099994659424,48.752712249755895,83.2432479858398,66.3839797973633,823.2999877929691,479.320007324219,44.41999816894529,77.5166091918945,161.077545166016,105.945991516113
2018-11-15,21.489999771118196,50.0644416809082,87.9324493408203,66.9582977294922,810.0399780273441,472.299987792969,45.540000915527294,77.9680252075195,159.815811157227,106.39745330810499
2018-11-16,20.659999847412102,50.183689117431605,89.9492034912109,67.49301910400389,827.989990234375,472.760009765625,45.7599983215332,78.7530975341797,161.639404296875,107.123725891113
2018-11-19,19.1100006103516,49.1998901367188,87.3462982177734,67.2454681396484,829.349975585938,465.869995117188,42.77000045776371,79.2045135498047,163.857284545898,106.338569641113
2018-11-20,19.2099990844727,48.7427749633789,84.12744140625,66.52260589599611,793.109985351562,461.630004882812,42.680000305175795,78.3016815185547,158.347091674805,105.20432281494101
2018-11-21,18.729999542236303,49.00114440917971,85.9355697631836,66.1166152954102,819.2100219726559,471.260009765625,43.060001373290994,78.0563430786133,158.02180480957,104.888153076172
2018-11-23,19.3799991607666,48.5638961791992,86.6906051635742,65.0570907592773,827.530029296875,471.420013427734,42.6100006103516,77.339958190918,158.100646972656,104.937553405762
2018-11-26,20.0799999237061,48.7924575805664,88.42919158935551,65.0471878051758,820.0,466.01998901367205,43.540000915527294,78.468505859375,159.28352355957,104.73006439209
2018-11-27,21.0499992370605,48.3552169799805,88.30996704101558,65.43337249755861,835.22998046875,473.450012207031,43.08000183105471,78.4783248901367,159.766525268555,105.332763671875
2018-11-28,21.340000152587898,49.279388427734396,90.59496307373051,66.166130065918,833.7000122070309,490.51998901367205,44.7700004577637,80.0288543701172,159.68766784668,105.372283935547
2018-11-29,21.4300003051758,49.259517669677706,90.60488891601558,66.2255325317383,825.8300170898441,482.559997558594,44.119998931884794,79.9601593017578,160.397384643555,106.162696838379
2018-11-30,21.2999992370605,48.901050567627,91.8765411376953,66.06710815429689,809.0700073242191,473.20999145507795,45.040000915527294,80.2054977416992,162.142150878906,107.00252532959
2018-12-03,23.7099990844727,49.5781593322754,94.01251220703121,66.839469909668,824.4600219726559,475.380004882812,46.220001220703104,81.09852600097659,160.752258300781,107.624969482422
2018-12-04,21.1200008392334,48.8213882446289,90.6943130493164,65.9977951049805,880.0700073242191,468.350006103516,44.7299995422363,79.9896011352539,161.146545410156,106.804916381836
2018-12-06,21.2999992370605,48.5127105712891,88.42919158935551,65.89877319335939,868.6799926757809,469.940002441406,44.0,79.0475082397461,165.237319946289,106.844436645508
2018-12-07,19.4599990844727,48.184112548828104,86.6608047485352,64.8293380737305,870.1599731445309,467.429992675781,42.6699981689453,78.645149230957,164.054428100586,105.856414794922
2018-12-10,19.9899997711182,48.0944976806641,87.0581893920898,64.84914398193361,885.869995117188,475.149993896484,43.380001068115206,77.9091415405273,163.81787109375,105.84652709960899
2018-12-11,19.979999542236303,47.6264991760254,87.55492401123051,65.27493286132811,878.3400268554691,472.350006103516,43.83000183105471,77.66380310058591,164.261428833008,106.6171875
2018-12-12,20.479999542236303,47.9849662780762,89.9492034912109,65.4828720092773,889.3400268554691,471.309997558594,44.3899993896484,78.2231750488281,162.29983520507798,107.723770141602
2018-12-13,19.8600006103516,48.323516845703104,88.54840087890621,66.2552490234375,883.47998046875,472.73001098632795,44.1100006103516,78.2133560180664,164.41915893554702,108.692031860352
2018-12-14,19.8999996185303,47.805728912353494,88.2404251098633,64.7005996704102,871.239990234375,457.829986572266,43.220001220703104,77.92877197265621,164.222015380859,106.577667236328
2018-12-17,18.8299999237061,46.4515190124512,86.6111297607422,63.8391265869141,854.1799926757809,443.5,42.310001373291,75.8188781738281,158.642807006836,103.910011291504
2018-12-18,19.5,46.580959320068395,88.6477584838867,64.2847213745117,857.239990234375,443.799987792969,43.0699996948242,75.65089416503909,159.993240356445,103.109718322754
2018-12-19,18.159999847412102,45.674831390380895,84.6639175415039,63.433132171630895,835.869995117188,427.049987792969,42.0900001525879,75.48291015625,160.219970703125,106.044136047363
2018-12-20,17.9400005340576,43.95219421386721,82.9352722167969,61.54182434082029,826.219970703125,400.76998901367205,41.560001373291,74.93943786621091,159.234237670898,105.154922485352
2018-12-21,16.9300003051758,43.4344062805176,80.9781265258789,60.78926086425779,826.0399780273441,394.420013427734,40.689998626709,74.73193359375,155.744766235352,104.641151428223
2018-12-24,16.6499996185303,42.1698112487793,78.7527389526367,59.9673843383789,822.8200073242191,385.839996337891,40.310001373291,71.2932586669922,151.38786315918,102.13158416748001
2018-12-26,17.8999996185303,43.304962158203104,84.6639175415039,62.462730407714794,839.0599975585941,405.72000122070295,42.5900001525879,74.4947814941406,156.135452270508,104.364501953125
2018-12-27,17.4899997711182,44.2608757019043,83.7499237060547,62.5815505981445,843.0399780273441,414.549987792969,43.4099998474121,75.6311340332031,157.195983886719,104.85851287841801
2018-12-28,17.8199996948242,44.6093864440918,83.78965759277341,62.769691467285206,839.010009765625,424.190002441406,43.3400001525879,75.70030212402341,157.42395019531202,105.026473999023
2018-12-31,18.4599990844727,45.784366607665994,84.61424255371091,63.769805908203104,838.3400268554691,431.79000854492205,43.4799995422363,76.5006790161133,156.789611816406,105.89593505859399
2019-01-02,18.8299999237061,44.4799385070801,86.2832794189453,63.6905937194824,838.47998046875,443.359985351562,43.2299995422363,74.72206115722659,155.352447509766,104.176788330078
2019-01-03,17.0499992370605,44.071685791015604,83.0346221923828,60.9278907775879,845.5800170898441,439.450012207031,41.529998779296896,73.51654052734379,156.284103393555,104.96719360351601
2019-01-04,19.0,45.396026611328104,86.87936401367192,62.947933197021506,835.630004882812,455.0,43.2599983215332,74.9888458251953,156.908538818359,104.809112548828
2019-01-07,20.5699996948242,46.2424087524414,89.1742935180664,62.947933197021506,822.3200073242191,485.149993896484,43.41999816894529,74.6528854370117,157.879867553711,104.14714050293001
2019-01-08,20.75,46.710411071777294,87.47545623779301,62.997440338134794,811.369995117188,497.369995117188,43.66999816894529,74.5837173461914,159.663925170898,105.194442749023
2019-01-09,20.1900005340576,46.889644622802706,88.2602920532227,63.2548980712891,820.359985351562,498.48001098632795,43.8499984741211,75.3346862792969,158.266403198242,104.423789978027
2019-01-10,19.7399997711182,47.447265625,89.7803192138672,63.5618667602539,827.3400268554691,509.619995117188,44.3199996948242,76.3821029663086,160.427108764648,105.520492553711
2019-01-11,20.270000457763697,47.9152641296387,90.32672119140621,63.1063652038574,822.880004882812,506.950012207031,44.4500007629395,76.1350784301758,159.97119140625,105.313003540039
2019-01-14,20.229999542236303,48.2637710571289,89.9690704345703,62.7498893737793,826.97998046875,501.989990234375,44.380001068115206,76.6785354614258,159.97119140625,104.759712219238
2019-01-15,20.3799991607666,49.090240478515604,90.6148300170898,63.4529418945312,829.5800170898441,514.489990234375,45.2700004577637,76.7180633544922,161.606582641602,106.439346313477
2019-01-16,19.729999542236303,48.2338981628418,89.8995208740234,63.1459732055664,832.9600219726559,514.820007324219,45.369998931884794,77.01451110839841,162.33010864257798,105.421684265137
2019-01-17,20.25,49.289390563964794,91.6381072998047,63.6509819030762,842.3099975585941,517.659973144531,45.7400016784668,77.2516555786133,162.9248046875,106.48874664306601
2019-01-18,20.770000457763697,50.0461540222168,92.9097518920898,64.06687164306639,844.3200073242191,513.239990234375,46.619998931884794,79.39588928222659,163.21223449707,106.844436645508
2019-01-22,19.7600002288818,50.5042037963867,89.8597793579102,64.7501220703125,829.2000122070309,520.080017089844,45.779998779296896,78.5559768676758,163.22213745117202,107.01239013671899
2019-01-23,19.7999992370605,50.5639419555664,88.96566772460942,65.7799453735352,834.5499877929691,521.3699951171881,45.4799995422363,78.7140808105469,164.322311401367,107.259399414062
2019-01-24,20.8500003814697,50.6436042785645,105.36792755126999,64.1064834594727,814.7899780273441,533.3900146484381,45.939998626709006,78.1804962158203,164.18356323242202,104.107620239258
2019-01-25,21.9300003051758,51.529815673828104,109.64981079101601,66.433479309082,814.640014648438,543.3699951171881,46.5900001525879,78.4077606201172,165.927978515625,103.050437927246
2019-01-28,20.1800003051758,50.573902130127,108.64639282226601,66.2453460693359,819.010009765625,532.0,46.459999084472706,78.0520401000977,166.562316894531,103.692642211914
2019-01-29,19.25,51.101646423339794,108.676200866699,66.3839797973633,830.6599731445309,530.059997558594,46.2999992370605,78.4472885131836,167.940002441406,103.75193023681601
2019-01-30,23.0900001525879,50.962242126464794,112.14342498779301,67.4831161499023,843.1699829101559,532.97998046875,47.4799995422363,79.23779296875,168.960891723633,104.315101623535
2019-01-31,24.4099998474121,52.0575637817383,111.20956420898399,67.4732131958008,847.3400268554691,529.6099853515619,48.029998779296896,80.1567459106445,171.309906005859,104.82886505126999
2019-02-01,24.510000228881804,51.808624267578104,111.289031982422,67.44350433349611,849.9099731445309,527.200012207031,48.6800003051758,80.5915145874023,168.921249389648,103.524688720703
2019-02-04,24.1299991607666,51.75883483886721,109.480911254883,66.9186935424805,869.4400024414059,527.919982910156,49.689998626709006,81.4907150268555,169.426742553711,104.463310241699
2019-02-05,23.309999465942397,52.7745018005371,110.61719512939501,68.6614608764648,869.4199829101559,526.6500244140619,50.08000183105471,81.5994110107422,170.90353393554702,104.82886505126999
2019-02-06,23.260000228881804,52.983604431152294,113.896430969238,68.5320663452148,868.0800170898441,526.059997558594,50.4799995422363,80.87806701660159,168.762680053711,104.868392944336
2019-02-07,22.6700000762939,53.033390045165994,112.361473083496,68.8207244873047,878.77001953125,585.780029296875,50.58000183105471,83.2989807128906,170.487258911133,105.678565979004
2019-02-08,23.0499992370605,53.6706733703613,113.31833648681601,69.4279098510742,874.0800170898441,582.77001953125,50.9099998474121,83.0223083496094,170.90353393554702,107.121078491211
2019-02-11,22.9599990844727,53.620880126953104,114.524375915527,69.6668014526367,887.9099731445309,603.3599853515619,50.8400001525879,83.06182861328121,171.458602905273,107.328559875488
2019-02-12,22.8199996948242,54.6664161682129,117.813583374023,69.4279098510742,890.900024414062,593.659973144531,52.130001068115206,83.713996887207,171.062118530273,108.3857421875
2019-02-13,22.850000381469698,54.9651374816895,117.00623321533199,70.1844024658203,891.359985351562,599.6199951171881,51.3600006103516,83.4966125488281,172.162307739258,107.832450866699
2019-02-14,23.1299991607666,54.7162055969238,117.135810852051,70.51287841796879,904.9600219726559,604.429992675781,51.6599998474121,82.99266052246091,174.233795166016,106.90371704101601
2019-02-15,23.6800003051758,53.8996925354004,118.919960021973,70.3834762573242,919.75,605.8900146484381,52.58000183105471,84.464973449707,176.24583435058602,108.039939880371
2019-02-19,23.9500007629395,53.8299903869629,118.57110595703101,69.87583160400389,916.6799926757809,599.460021972656,52.6399993896484,84.5934219360352,176.027770996094,108.375869750977
2019-02-20,23.9500007629395,54.168540954589794,119.71734619140601,70.0649566650391,921.140014648438,597.739990234375,55.0699996948242,84.9293899536133,175.125839233398,109.35400390625
2019-02-21,23.9200000762939,54.2482032775879,118.87012481689501,70.37351989746091,906.3300170898441,601.190002441406,55.4000015258789,84.5242614746094,174.947418212891,110.589179992676
2019-02-22,24.3600006103516,55.0248794555664,122.34871673584,70.9707565307617,911.6599731445309,600.219970703125,56.5699996948242,85.0973739624023,175.066375732422,109.61456298828101
2019-02-25,24.7099990844727,54.6465034484863,123.63449859619101,70.72190856933591,889.599975585938,596.659973144531,57.2700004577637,84.840461730957,172.687591552734,108.868682861328
2019-02-26,24.2099990844727,54.4373931884766,122.378616333008,70.8114929199219,935.0,599.5,57.3600006103516,84.5934219360352,172.47947692871102,109.13719940185499
2019-02-27,23.4799995422363,55.2638626098633,122.867012023926,69.8260650634766,911.9299926757809,599.280029296875,57.4500007629395,84.9689178466797,171.666732788086,108.978080749512
2019-02-28,23.530000686645497,54.645381927490206,124.890380859375,69.9355621337891,938.969970703125,607.530029296875,57.25,85.7890625,174.590606689453,110.072036743164
2019-03-01,23.6800003051758,55.0743255615234,126.22599792480499,70.5228271484375,929.3200073242191,611.6300048828119,58.1399993896484,85.95703887939449,176.344940185547,111.613525390625
2019-03-04,23.3700008392334,55.114231109619105,122.408515930176,70.6223678588867,932.9500122070309,618.8499755859381,58.540000915527294,84.7811737060547,178.099273681641,110.032257080078
2019-03-05,23.5,55.822483062744105,122.548057556152,71.2494659423828,939.8300170898441,616.010009765625,58.869998931884794,84.5440216064453,179.457138061523,111.136161804199
2019-03-06,22.4099998474121,55.283809661865206,120.963256835938,70.9408874511719,935.349975585938,613.409973144531,58.5099983215332,83.7535171508789,180.041915893555,111.066543579102
2019-03-07,22.0799999237061,54.5456314086914,119.51800537109399,70.2839431762695,940.5499877929691,609.530029296875,58.7700004577637,83.5855407714844,180.141036987305,111.315170288086
2019-03-08,22.010000228881804,54.8748168945312,118.24217987060499,69.0397109985352,934.72998046875,616.440002441406,59.1599998474121,83.4867248535156,180.00227355957,110.628959655762
2019-03-11,22.9599990844727,55.4633674621582,121.541366577148,69.3582382202148,940.030029296875,616.8800048828119,59.959999084472706,84.4353256225586,183.520843505859,110.77813720703101
2019-03-12,23.489999771118196,56.490840911865206,121.989891052246,69.72653198242189,934.609985351562,630.989990234375,60.619998931884794,84.672477722168,184.105621337891,109.75379180908199
2019-03-13,23.3799991607666,56.9696578979492,122.528121948242,69.7762908935547,940.5800170898441,637.070007324219,60.6599998474121,84.0301971435547,185.572509765625,110.171485900879
2019-03-14,22.8199996948242,57.129264831543,122.07959747314501,70.4133377075195,950.219970703125,642.3900146484381,61.1599998474121,84.30686950683591,186.305969238281,109.773681640625
2019-03-15,23.2900009155273,57.358699798584006,123.76406860351601,70.34365844726561,962.22998046875,639.0,60.9900016784668,84.6033096313477,187.297119140625,110.181434631348
2019-03-18,23.25,57.737766265869105,124.87043762206999,70.51287841796879,975.5900268554691,655.799987792969,61.060001373290994,84.8997421264648,187.217834472656,109.912910461426
2019-03-19,26.0,57.9173240661621,126.64462280273399,71.0503845214844,978.989990234375,665.8599853515619,61.2400016784668,84.1239547729492,188.228805541992,108.729454040527
2019-03-20,25.7000007629395,57.977176666259794,125.897071838379,71.2992248535156,980.97998046875,665.789978027344,61.4500007629395,83.57691955566409,189.844375610352,109.196876525879
2019-03-21,27.8899993896484,58.695407867431605,129.624847412109,71.9263229370117,1001.09002685547,670.450012207031,63.08000183105471,84.4521789550781,192.98631286621102,110.887535095215
2019-03-22,26.3700008392334,57.7976188659668,126.47518157959,71.6277084350586,981.27001953125,671.460021972656,61.7599983215332,84.1836318969727,191.935684204102,111.38478851318399
2019-03-25,25.969999313354503,57.967201232910206,123.72419738769501,71.9661407470703,995.859985351562,676.77001953125,62.1100006103516,84.2035293579102,193.95764160156202,111.802474975586
2019-03-26,25.690000534057603,58.10685729980471,126.216026306152,72.6230850219727,997.3099975585941,688.8200073242191,62.2999992370605,84.5814743041992,193.323303222656,112.62792205810499
2019-03-27,24.8899993896484,58.047004699707,124.73089599609399,72.4041061401367,1003.20001220703,697.869995117188,61.83000183105471,84.9096984863281,192.371780395508,112.59808349609399
2019-03-28,25.059999465942397,57.7976188659668,126.15622711181601,73.61846923828121,1005.1699829101599,702.510009765625,62.6500015258789,84.9793167114258,193.20436096191398,113.701988220215
2019-03-29,25.5200004577637,57.7178153991699,126.375503540039,73.996711730957,1024.11999511719,710.3099975585941,63.5099983215332,85.4368362426758,195.315505981445,114.19924163818399
2019-04-01,26.3600006103516,58.2564888000488,129.305892944336,73.61846923828121,1029.7099609375,705.739990234375,64.8000030517578,85.84461975097659,190.805770874023,113.21467590331999
2019-04-02,26.75,57.837520599365206,128.667984008789,73.9270401000977,1041.97998046875,704.7999877929691,64.6100006103516,85.0588836669922,193.392669677734,114.119682312012
2019-04-03,29.0200004577637,57.8774223327637,128.14968872070298,73.9867630004883,1045.53002929688,705.640014648438,65.1699981689453,85.0091552734375,192.570022583008,114.229072570801
2019-04-04,29.0900001525879,57.8574714660645,127.402137756348,74.0066680908203,1040.68994140625,703.380004882812,63.66999816894529,85.1881866455078,191.341003417969,114.27880096435499
2019-04-05,28.9799995422363,57.967201232910206,128.658020019531,74.68353271484379,1048.52001953125,708.369995117188,64.1999969482422,85.75511169433591,194.027008056641,115.23352813720699
2019-04-08,28.530000686645497,58.056980133056605,129.475326538086,74.8527450561523,1052.5400390625,714.6799926757809,63.9799995422363,85.19813537597659,194.482955932617,115.63132476806601
2019-04-09,27.239999771118196,57.498355865478494,128.508499145508,74.7731170654297,1040.40002441406,710.6699829101559,64.30999755859379,84.6212615966797,194.978515625,115.38269805908199
2019-04-10,27.8299999237061,58.10685729980471,131.159805297852,75.13145446777341,1060.17004394531,718.849975585938,64.47000122070311,85.5860290527344,195.77507019043,115.671112060547
2019-04-11,27.7900009155273,58.475948333740206,131.638259887695,75.5196533203125,1068.56994628906,707.530029296875,64.5699996948242,86.401611328125,195.804931640625,115.283248901367
2019-04-12,27.850000381469698,57.8873977661133,133.970596313477,76.2960510253906,1060.30004882812,712.4400024414059,64.98000335693361,87.0182571411133,197.109329223633,115.472213745117
2019-04-15,27.3299999237061,58.1966361999512,133.621734619141,75.8083190917969,1064.58996582031,712.27001953125,65.05999755859379,86.6602020263672,195.247344970703,116.09874725341801
2019-04-16,27.9300003051758,57.4185562133789,134.538726806641,75.3504333496094,1061.58996582031,706.47998046875,64.6999969482422,87.2470245361328,191.374069213867,116.18825531005899
2019-04-17,27.489999771118196,56.9098052978516,135.375991821289,74.7731170654297,1051.36999511719,688.2100219726559,63.970001220703104,86.0037612915039,190.348495483398,116.108695983887
2019-04-18,27.6800003051758,58.3662185668945,134.50881958007798,75.7087707519531,1045.05004882812,700.0,63.369998931884794,86.133056640625,192.081024169922,116.317543029785
2019-04-22,28.1800003051758,58.5657272338867,134.000503540039,75.0518264770508,1035.19995117188,701.6699829101559,64.2099990844727,85.506462097168,191.493560791016,116.39710235595699
2019-04-23,27.969999313354503,59.353786468505895,136.70162963867202,75.6390914916992,1047.76000976562,702.4600219726559,66.6999969482422,86.49111938476558,192.568908691406,116.21809387206999
2019-04-24,28.4599990844727,58.7552604675293,139.263244628906,76.03724670410159,1042.59997558594,709.75,67.65000152587889,87.2171859741211,192.39964294433602,116.426933288574
2019-04-25,27.6599998474121,58.815113067627,115.481239318848,76.7539291381836,1042.34997558594,678.070007324219,67.4899978637695,93.0654830932617,191.463668823242,121.767440795898
2019-04-26,27.8799991607666,59.553295135498,118.54119873046899,77.0923538208008,1033.55004882812,676.789978027344,68.22000122070311,93.68213653564449,192.379730224609,124.48244476318399
2019-04-29,27.690000534057603,59.4834671020508,116.697250366211,76.5548553466797,1022.5,677.9000244140619,68.1800003051758,94.4778213500977,191.613037109375,123.627166748047
2019-04-30,27.6299991607666,59.7927017211914,119.747245788574,77.3212966918945,1028.31005859375,688.0399780273441,69.379997253418,95.66140747070308,194.460754394531,124.164199829102
2019-05-01,26.809999465942397,58.5258255004883,116.258689880371,77.1620254516602,1023.9000244140599,688.5599975585941,68.5400009155273,94.7065811157227,192.081024169922,122.24479675293001
2019-05-02,28.2900009155273,59.8525581359863,118.511299133301,77.1122665405273,1038.31005859375,707.869995117188,69.4499969482422,95.43264770507808,191.971496582031,121.866889953613
2019-05-03,28.219999313354503,61.3887748718262,118.630905151367,77.68959045410159,1033.38000488281,709.52001953125,70.26999664306639,95.552001953125,192.12083435058602,121.160789489746
2019-05-06,27.4200000762939,61.797767639160206,118.421592712402,77.6995391845703,1030.64001464844,716.6699829101559,70.0,95.6315689086914,191.354141235352,122.96084594726601
2019-05-07,26.6599998474121,61.817718505859396,117.424858093262,77.5999984741211,1015.3599853515599,706.52001953125,68.59999847412111,94.4977188110352,189.03416442871102,123.627166748047
2019-05-08,27.0900001525879,61.797767639160206,117.30525970459,78.0500030517578,1005.5999755859401,709.5700073242191,68.94000244140621,94.64691162109379,190.816467285156,124.17414855956999
2019-05-09,27.2099990844727,62.216732025146506,116.31848907470699,77.9000015258789,1004.47998046875,705.130004882812,68.6999969482422,94.57727813720699,191.69270324707,124.81063079834
2019-05-10,27.9599990844727,64.1519622802734,116.537773132324,78.4199981689453,1000.59002685547,705.4400024414059,69.3600006103516,95.89016723632808,194.819198608398,126.18304443359399
2019-05-13,26.239999771118196,64.2517242431641,110.278305053711,76.6800003051758,982.5599975585941,687.27001953125,66.90000152587889,94.7065811157227,196.033966064453,126.37200927734399
2019-05-14,27.3199996948242,63.28410339355471,112.80999755859399,77.05999755859379,989.7999877929691,703.1799926757809,68.08999633789061,95.2237777709961,197.218856811523,126.362060546875
2019-05-15,27.5799999237061,62.356388092040994,114.449996948242,77.7600021362305,978.359985351562,705.890014648438,68.7399978637695,95.9001083374023,199.608535766602,127.03832244873001
2019-05-16,28.010000228881804,62.4162406921387,106.12999725341801,78.9000015258789,981.3400268554691,708.9299926757809,69.84999847412111,96.6261825561523,201.15187072753898,127.784210205078
2019-05-17,27.5,62.4162406921387,104.76000213623001,78.9100036621094,984.0900268554691,715.9099731445309,68.66000366210939,97.2030563354492,201.560104370117,128.191955566406
2019-05-20,26.6800003051758,61.887546539306605,101.029998779297,76.6600036621094,977.8300170898441,718.0,64.620002746582,97.5611038208008,197.39807128906202,128.589767456055
2019-05-21,27.350000381469698,62.2466621398926,105.709999084473,77.5299987792969,1032.25,715.0,65.34999847412111,98.6949691772461,197.318405151367,129.59420776367202
2019-05-22,27.4099998474121,61.3488693237305,104.69000244140601,77.25,1043.93005371094,706.0399780273441,64.72000122070311,99.10275268554692,199.807662963867,130.718002319336
2019-05-23,26.3600006103516,60.899974822998,102.300003051758,76.4100036621094,1034.81994628906,667.1199951171881,63.720001220703104,98.6850204467773,202.048004150391,130.22000122070298
2019-05-24,26.440000534057603,61.1992378234863,101.209999084473,76.1500015258789,1052.18994140625,662.559997558594,63.939998626709006,99.1524810791016,202.127655029297,130.190002441406
2019-05-28,29.0499992370605,61.0496101379395,101.699996948242,75.6999969482422,1051.14001464844,680.070007324219,63.91999816894529,98.31700897216801,201.679595947266,128.300003051758
2019-05-29,28.0900001525879,60.3513298034668,103.650001525879,75.2799987792969,1027.5400390625,667.969970703125,63.75,97.95895385742192,200.265701293945,128.88000488281202
2019-05-30,28.030000686645497,60.8900032043457,105.449996948242,76.1699981689453,1045.2900390625,678.0,64.3199996948242,97.85948944091801,203.810394287109,130.809997558594
2019-05-31,27.4099998474121,61.3899993896484,102.30999755859399,76.05999755859379,1027.10998535156,659.969970703125,63.5699996948242,97.71029663085942,207.872863769531,131.960006713867
2019-06-03,27.5799999237061,62.0499992370605,102.300003051758,76.2200012207031,1037.65002441406,641.659973144531,61.7000007629395,99.0331268310547,208.390625,132.330001831055
2019-06-04,29.5699996948242,63.0900001525879,106.900001525879,78.5199966430664,1036.27001953125,662.179992675781,63.220001220703104,99.212158203125,207.116119384766,133.13000488281202
2019-06-05,29.5,64.4499969482422,105.599998474121,79.9599990844727,1068.89001464844,679.47998046875,64.5,101.05218505859399,211.855682373047,136.009994506836
2019-06-06,31.8199996948242,65.66000366210939,106.01000213623001,81.4000015258789,1090.5400390625,692.1799926757809,64.69000244140621,101.161590576172,211.78596496582,137.240005493164
2019-06-07,32.4099998474121,65.90000152587889,107.48999786376999,82.4800033569336,1099.14001464844,709.869995117188,65.5699996948242,102.08657836914101,211.547012329102,138.009994506836
2019-06-10,33.2299995422363,66.3199996948242,110.87999725341801,81.9300003051758,1111.22998046875,720.52001953125,67.1699981689453,102.026901245117,208.94822692871102,136.740005493164
2019-06-11,32.4099998474121,66.44000244140621,111.66999816894501,82.370002746582,1095.39001464844,729.239990234375,68.1999969482422,101.45002746581999,208.07200622558602,136.820007324219
2019-06-12,32.1800003051758,66.59999847412111,107.94000244140601,82.9300003051758,1106.77001953125,737.739990234375,69.34999847412111,102.42474365234399,210.591125488281,138.22000122070298
2019-06-13,31.3899993896484,64.9199981689453,108.349998474121,83.3499984741211,1113.94995117188,732.2899780273441,68.09999847412111,102.09652709960899,208.11183166503898,137.63000488281202
2019-06-14,30.3600006103516,65.41000366210939,105.41999816894501,84.2399978637695,1119.86999511719,740.5900268554691,67.72000122070311,102.981727600098,210.32228088378898,138.320007324219
2019-06-17,29.2000007629395,65.3199996948242,104.529998779297,83.0199966430664,1124.35998535156,731.650024414062,67.5500030517578,103.299995422363,213.169998168945,137.699996948242
2019-06-18,30.4500007629395,66.4499969482422,111.779998779297,82.9199981689453,1126.0,732.5399780273441,69.2099990844727,103.900001525879,214.389999389648,138.25
2019-06-19,30.5,66.66000366210939,111.83999633789101,83.80999755859379,1122.65002441406,736.349975585938,71.44000244140621,104.83999633789101,216.169998168945,137.899993896484
