Date,RSG,EXC,DUK,NEE,ES,EVRG,AJG,WEC,DTE,YUM
2018-06-20,67.5395126342773,40.548667907714794,72.9582977294922,158.564102172852,54.13774108886721,52.4560432434082,64.1711578369141,59.9441452026367,96.28882598876949,79.4901809692383
2018-06-21,67.7845458984375,40.1897392272949,73.6477584838867,159.217056274414,54.031036376953104,52.427005767822294,64.14178466796879,60.1088790893555,97.0452499389648,78.3793182373047
2018-06-22,68.3432159423828,40.2576484680176,74.1456985473633,160.123458862305,54.351146697998,52.6883201599121,65.33612060546879,60.3608245849609,97.4137649536133,78.99864196777341
2018-06-25,68.0785751342773,40.59716796875,75.725715637207,162.17004394531202,55.6121978759766,53.143196105957,64.9836959838867,61.4752082824707,99.6830291748047,77.2586288452148
2018-06-26,67.8433456420898,40.771781921386705,75.44801330566409,162.53063964843798,55.825599670410206,53.43354797363279,64.64105224609379,61.436450958252,100.08064270019501,78.6545791625977
2018-06-27,66.8632354736328,40.936695098877,76.1470489501953,163.80734252929702,56.2524185180664,53.6755027770996,63.4075584411621,62.008182525634794,101.031021118164,77.5338897705078
2018-06-28,67.4807052612305,41.0142974853516,75.8693542480469,162.569625854492,56.5337257385254,53.917453765869105,63.7502021789551,62.463619232177706,100.798271179199,76.5704879760742
2018-06-29,67.3378753662109,41.324714660644496,75.725715637207,162.784042358398,56.853843688964794,54.3433036804199,63.9068260192871,62.647735595703104,100.49763488769501,76.8948974609375
2018-07-02,67.90920257568361,41.61574172973629,76.3768768310547,164.71369934082,57.251556396484396,54.982063293457,63.8872566223145,63.132251739502,101.42862701416,76.7867660522461
2018-07-03,67.4068222045898,41.5284309387207,76.4247512817383,164.275146484375,57.736576080322294,54.7304267883301,64.1515731811523,63.161319732665994,101.84562683105499,76.5213317871094
2018-07-05,67.9289016723633,41.6351356506348,77.1908187866211,164.25564575195298,57.9305839538574,54.7401123046875,64.6997909545898,63.6458396911621,103.116035461426,76.4230270385742
2018-07-06,67.8008499145508,41.800048828125,78.15797424316409,165.98063659668,58.5029067993164,54.9336738586426,65.40464019775389,64.3532257080078,103.794876098633,76.9440460205078
2018-07-09,67.9584503173828,40.59716796875,75.3043746948242,161.11750793457,56.708335876464794,53.0077056884766,66.7360458374023,62.0469360351562,100.032157897949,77.8288040161133
2018-07-10,68.2933731079102,40.9075889587402,76.1470489501953,163.183609008789,56.960544586181605,53.2303047180176,66.608772277832,62.531455993652294,100.856460571289,77.9664306640625
2018-07-11,68.6676864624023,41.1792106628418,76.970573425293,164.128967285156,57.4746627807617,54.169094085693395,66.7556228637695,63.2872924804688,102.46628570556601,77.4552459716797
2018-07-12,69.140510559082,41.0821990966797,77.0854873657227,164.206939697266,57.3679618835449,53.956172943115206,67.2157363891602,63.5489273071289,102.718421936035,77.779655456543
2018-07-13,69.0912551879883,41.121002197265604,77.2003936767578,165.210739135742,57.3679618835449,54.1110229492188,67.41152191162111,63.171012878418,102.980270385742,77.7993087768555
2018-07-16,68.34262084960939,40.888191223144496,77.3535995483398,165.19123840332,57.2709617614746,54.198127746582,67.9989013671875,63.025661468505895,103.08693695068399,77.3274459838867
2018-07-17,68.2736740112305,40.6650733947754,77.229118347168,165.883209228516,57.106048583984396,54.2271614074707,68.2240753173828,62.9093742370605,103.164520263672,77.3864288330078
2018-07-18,67.43637084960939,40.6650733947754,77.0280303955078,165.11328125,56.7665405273438,53.7626075744629,69.01702880859379,62.7155685424805,102.854194641113,78.1433792114258
2018-07-19,67.5348739624023,40.975494384765604,77.7557830810547,165.922180175781,57.387359619140604,54.3433036804199,68.8212432861328,63.219455718994105,104.12460327148399,77.9860916137695
2018-07-20,67.22952270507811,40.7911796569824,77.229118347168,165.64929199218798,56.9896469116211,53.917453765869105,68.90933227539061,62.8318481445312,103.377876281738,77.9664306640625
2018-07-23,67.4068222045898,40.3643569946289,76.5779647827148,164.538269042969,56.708335876464794,53.278690338134794,69.30092620849611,62.3085784912109,103.213012695312,77.6125259399414
2018-07-24,67.3871307373047,40.4031562805176,76.501350402832,165.883209228516,57.0575485229492,53.2206230163574,69.02682495117189,62.4345474243164,103.494247436523,76.9243850708008
2018-07-25,69.53452301025389,40.626274108886705,76.779052734375,163.48571777343798,57.5619697570801,53.2690200805664,69.6631546020508,62.444240570068395,105.026489257812,77.337272644043
2018-07-26,70.0369033813477,41.0045967102051,77.6983413696289,163.885314941406,58.5514068603516,53.6948585510254,69.70230102539061,63.442344665527294,105.53076934814501,77.6125259399414
2018-07-27,71.4061279296875,40.936695098877,77.6504592895508,162.735305786133,58.2797966003418,53.549690246582,69.39882659912111,63.6555328369141,105.327117919922,77.5732116699219
2018-07-30,70.4801788330078,40.548667907714794,77.3440246582031,162.00436401367202,57.9693832397461,53.6271095275879,69.6435623168945,63.1806983947754,104.522216796875,77.4060897827148
2018-07-31,71.3962707519531,41.227714538574205,78.15797424316409,163.281051635742,58.9006195068359,54.28523254394529,69.84915161132811,64.3144607543945,105.259239196777,77.94677734375
2018-08-01,71.61297607421879,40.7426795959473,77.6121597290039,163.631912231445,57.9499855041504,53.810997009277294,69.83935546875,63.51017761230471,104.58038330078101,78.1237258911133
2018-08-02,72.0070037841797,41.023994445800795,77.03759765625,165.142517089844,58.2021980285645,54.0239181518555,69.6533584594727,63.636146545410206,105.41439819335899,79.2640609741211
2018-08-03,71.5637283325195,41.218009948730504,78.090950012207,166.79928588867202,59.1043281555176,54.3723335266113,69.9568328857422,64.2757034301758,106.772079467773,80.4732284545898
2018-08-06,71.9281921386719,41.334419250488295,77.6791915893555,166.66287231445298,59.2595291137695,54.3433036804199,70.03515625,64.4210662841797,107.15998840331999,80.2077941894531
2018-08-07,71.7804412841797,41.4896278381348,77.4493637084961,166.292526245117,59.1625289916992,54.7981758117676,70.0840911865234,64.236946105957,107.014511108398,79.95220947265621
2018-08-08,71.7607345581055,41.567234039306605,77.0184631347656,165.75651550293,59.1237258911133,54.5562210083008,70.1428298950195,64.52764892578121,106.830276489258,80.5322189331055
2018-08-09,72.08580017089841,42.0716667175293,77.38232421875,166.506927490234,59.308032989502,55.185306549072294,69.8589324951172,64.90557861328121,107.373344421387,81.32850646972659
2018-08-10,71.7705917358398,41.8388557434082,77.4589385986328,166.584884643555,59.5117416381836,55.8240737915039,69.37924957275389,65.0703201293945,107.004829406738,81.5349349975586
2018-08-13,71.9774475097656,42.013465881347706,77.50682067871091,166.945495605469,59.899753570556605,55.7563247680664,68.9485015869141,65.35610198974611,107.44122314453101,80.9844284057617
2018-08-14,72.08580017089841,42.3899345397949,77.7749404907227,167.56921386718798,59.9482574462891,55.591793060302706,69.1736679077148,65.2193069458008,107.683662414551,81.6823959350586
2018-08-15,72.41087341308591,42.6637382507324,78.3877944946289,168.378128051758,60.472076416015604,55.8337478637695,69.62399291992189,65.7078399658203,108.876480102539,81.4661178588867
2018-08-16,72.8048858642578,43.348236083984396,79.2183380126953,170.346755981445,61.102603912353494,55.8240737915039,70.3973693847656,66.38201904296879,109.758987426758,82.7735900878906
2018-08-17,73.376220703125,43.5438041687012,79.69293212890621,170.71711730957,61.3451156616211,56.0079536437988,70.69105529785159,66.69467926025389,110.185691833496,82.7439804077148
2018-08-20,73.40576171875,43.279781341552706,79.2377090454102,169.869247436523,61.2287063598633,55.988597869873,70.45611572265621,66.68491363525389,109.87535858154301,83.0401611328125
2018-08-21,72.66697692871091,43.1135444641113,78.724365234375,168.241683959961,60.9279975891113,55.5627555847168,70.83790588378909,66.21591949462889,109.312889099121,83.2573623657227
2018-08-22,72.16461181640621,42.9570922851562,78.2885208129883,167.345077514648,60.4914779663086,55.1562728881836,70.1624221801758,65.6883087158203,107.867935180664,82.7439804077148
2018-08-23,72.1054992675781,42.9277572631836,78.3369445800781,167.267105102539,60.5593872070312,55.1078758239746,70.2407302856445,65.76645660400389,108.061874389648,82.45765686035159
2018-08-24,72.1252136230469,43.0548782348633,78.8502883911133,168.30989074707,60.879489898681605,55.6014747619629,70.6323165893555,66.245231628418,108.517677307129,83.0697784423828
2018-08-27,72.0562515258789,42.683292388916,78.0560531616211,167.101425170898,60.3459701538086,55.1272392272949,70.779167175293,65.561279296875,107.97460174560499,83.4153289794922
2018-08-28,72.0365447998047,42.4388313293457,77.823616027832,166.224304199219,59.987060546875,55.517520904540994,70.6225280761719,65.4049606323242,107.38304901123001,84.2841415405273
2018-08-29,72.3517684936523,42.849525451660206,78.1916580200195,167.283752441406,60.3168716430664,55.7224197387695,70.7595901489258,65.89349365234379,107.906707763672,84.8962478637695
2018-08-30,72.341911315918,42.9668655395508,78.7631072998047,167.578033447266,60.763088226318395,55.956581115722706,70.1624221801758,66.2745513916016,108.47887420654301,84.6099319458008
2018-08-31,72.2631149291992,42.7419586181641,78.6856231689453,166.86193847656202,60.5593872070312,55.6638717651367,70.6225280761719,66.0302734375,107.78064727783199,85.784797668457
2018-09-04,72.568473815918,43.0157585144043,78.8599624633789,166.793258666992,60.5496826171875,56.1126937866211,71.45465087890621,66.69467926025389,108.294624328613,85.91314697265621
2018-09-05,72.87384033203121,43.2211112976074,80.5743179321289,168.352981567383,61.480918884277294,57.0981559753418,71.98329162597659,67.3493194580078,109.846260070801,85.626838684082
2018-09-06,73.2875595092773,43.377567291259794,80.8455123901367,170.511123657227,61.607017517089794,57.5177116394043,72.7117919921875,67.701057434082,110.55419158935499,86.80169677734379
2018-09-07,73.5436782836914,43.093990325927706,79.8769607543945,168.823867797852,60.9279975891113,56.8835029602051,72.6133499145508,66.9878005981445,109.545639038086,87.2755889892578
2018-09-10,74.0755996704102,43.631805419921896,79.7219772338867,168.755187988281,61.4033126831055,57.05912780761721,73.0366592407227,67.5349655151367,109.972328186035,87.33483123779301
2018-09-11,74.1051559448242,43.2211112976074,78.8212203979492,168.872894287109,61.374210357665994,56.9908332824707,72.9775924682617,67.37863159179689,109.79776763916,87.10775756835942
2018-09-12,73.3860626220703,43.142879486084006,78.3466339111328,169.216247558594,61.3160057067871,56.737152099609396,72.406608581543,67.1245880126953,109.60382080078101,87.20648193359379
2018-09-13,73.6323318481445,43.4557914733887,79.5670166015625,171.276275634766,61.70402526855471,56.688358306884794,73.4599838256836,67.46657562255861,110.321449279785,87.3644485473633
2018-09-14,73.8096389770508,43.1037712097168,79.1311569213867,170.344329833984,61.6264228820801,56.3566207885742,73.7257766723633,67.2223052978516,109.757034301758,87.0188980102539
2018-09-17,73.9967956542969,43.485134124755895,79.4992141723633,170.550369262695,61.8592300415039,56.2980842590332,73.9522018432617,67.0464324951172,109.79611968994101,86.5746307373047
2018-09-18,74.3218612670898,43.2211112976074,79.34423828125,170.13835144043,61.733123779296896,56.0834274291992,73.8636016845703,66.7728424072266,109.96227264404301,87.1669921875
2018-09-19,73.57322692871091,42.2823715209961,77.5717849731445,165.949630737305,60.1713638305664,54.5515747070312,74.55271911621091,65.4244918823242,106.61971282959,87.4236831665039
2018-09-20,73.68157958984379,42.429046630859396,78.0851211547852,166.047744750977,60.4109764099121,54.414974212646506,74.9464950561523,65.6101455688477,106.707679748535,87.8284683227539
2018-09-21,73.53382873535159,42.683292388916,77.3102798461914,167.509353637695,60.792396545410206,54.512542724609396,74.7299270629883,65.6980743408203,106.600166320801,88.3912200927734
2018-09-24,72.6275863647461,42.243259429931605,77.1068801879883,165.596481323242,60.127357482910206,54.2978935241699,73.9817352294922,65.1118316650391,106.05284881591801,88.16415405273442
2018-09-25,72.1547622680664,41.636989593505895,76.33203125,163.67379760742202,59.3449592590332,53.6831932067871,73.3910675048828,64.2422409057617,105.055946350098,88.7367706298828
2018-09-26,71.6228256225586,41.265407562255895,75.6346664428711,161.319488525391,58.875518798828104,52.912391662597706,72.8693008422852,63.548526763915994,104.07859039306601,88.7367706298828
2018-09-27,71.5637283325195,41.8618927001953,76.45794677734379,162.43777465820298,59.2276000976562,52.9904441833496,73.292610168457,64.33017730712889,104.977752685547,89.17117309570308
2018-09-28,71.9449462890625,42.6930694580078,77.5039825439453,164.409515380859,60.0882377624512,53.5856246948242,73.28277587890621,65.2290802001953,106.658813476562,89.7536773681641
2018-10-01,71.7865219116211,42.4486045837402,77.0487747192383,163.811141967773,60.166477203369105,53.790523529052706,74.0014190673828,65.12160491943361,106.561065673828,89.2698974609375
2018-10-02,71.4597625732422,43.035316467285206,77.8914108276367,166.116394042969,60.792396545410206,54.092990875244105,74.1786193847656,66.1182098388672,108.251899719238,88.8355026245117
2018-10-03,71.2914352416992,42.1454734802246,76.700080871582,165.037338256836,59.7459373474121,53.55635070800779,73.9423599243164,65.25839233398439,106.170127868652,88.61829376220699
2018-10-04,70.9250717163086,42.2823715209961,77.42649841308591,166.02810668945298,60.186038970947294,53.9076080322266,74.5330276489258,65.73715972900389,106.903144836426,88.4307098388672
2018-10-05,71.4597625732422,42.839748382568395,78.8405990600586,169.088714599609,61.0271186828613,54.3661880493164,73.6864013671875,66.7142181396484,109.092422485352,88.8552398681641
2018-10-08,72.13307189941409,43.035316467285206,79.5573272705078,170.020645141602,61.447658538818395,54.7564697265625,74.3066101074219,67.16366577148439,110.04045104980499,89.4870986938477
2018-10-09,72.13307189941409,43.0450973510742,79.6638717651367,170.42282104492202,61.965991973877,55.0101547241211,74.2376937866211,67.4763336181641,111.066680908203,90.02023315429692
2018-10-10,70.7765579223633,42.595287322998,79.3055038452148,169.461486816406,61.6530342102051,54.746711730957,72.14080810546879,67.3004608154297,110.187065124512,88.06542205810551
2018-10-11,69.41013336181639,41.7836685180664,77.4652404785156,165.871154785156,60.32295227050779,54.1905632019043,70.1817474365234,65.9716415405273,108.075981140137,85.9625015258789
2018-10-12,69.9349212646484,41.959678649902294,77.4749298095703,166.136032104492,60.166477203369105,54.2686157226562,70.14236450195311,65.9423446655273,107.645942687988,86.93004608154301
2018-10-15,69.8854141235352,42.0770225524902,77.6105270385742,166.410690307617,60.019775390625,54.375946044921896,69.68951416015621,66.38201904296879,107.626396179199,87.324951171875
2018-10-16,71.2815322875977,42.4974975585938,78.3950653076172,168.02926635742202,60.596794128418,54.7759819030762,70.762565612793,67.48610687255861,108.72102355956999,89.27977752685551
2018-10-17,71.2518310546875,42.0379066467285,78.2304000854492,167.56823730468798,61.1151351928711,54.649139404296896,70.98899841308591,67.6717529296875,108.76990509033199,90.1979446411133
2018-10-18,71.24192810058591,42.125919342041,78.7049942016602,168.303955078125,60.811954498290994,54.89306640625,70.5459899902344,67.6815185546875,108.64284515380899,88.6775360107422
2018-10-19,71.3904495239258,43.15266418457029,80.1481475830078,170.157974243164,61.936653137207,55.6346015930176,71.540283203125,68.9517135620117,110.382530212402,88.26287841796879
2018-10-22,71.0042953491211,42.536613464355504,80.0416030883789,169.37321472168,61.8095169067383,55.4297027587891,71.5895080566406,68.5804290771484,109.757034301758,88.21350860595699
2018-10-23,70.25177001953121,42.565948486328104,79.7123031616211,167.381851196289,61.907310485839794,55.0589370727539,71.2252655029297,68.3166122436523,109.40518188476601,87.6902542114258
2018-10-24,68.548698425293,43.5340232849121,82.08526611328121,172.257232666016,63.442779541015604,55.91755676269529,70.2408065795898,70.0264892578125,115.03474426269501,85.95263671875
2018-10-25,67.6872634887695,42.8788604736328,81.0101699829102,169.902908325195,62.2691764831543,55.3711624145508,71.83563232421879,68.97125244140621,112.44476318359399,85.8144149780273
2018-10-26,69.251708984375,42.6539535522461,79.315185546875,166.65592956543,61.388973236084006,54.7564697265625,72.8791427612305,67.3102340698242,110.294570922852,84.6889266967773
2018-10-29,70.2121658325195,43.1037712097168,80.835823059082,169.490905761719,62.5234565734863,55.1955375671387,72.7019424438477,68.1798248291016,111.056900024414,84.3828659057617
2018-10-30,71.2815322875977,43.397125244140604,81.19419860839841,170.24626159668,62.621253967285206,54.9125823974609,73.1547927856445,68.1505126953125,111.770370483398,85.3306503295898
2018-10-31,71.9647445678711,42.839748382568395,80.03192138671879,169.216247558594,61.868190765380895,54.6296272277832,72.8594589233398,66.8314666748047,109.85475921630899,89.2600250244141
2018-11-01,71.2518310546875,42.683292388916,79.0924301147461,167.224899291992,61.310733795165994,54.746711730957,73.4402847290039,66.32339477539061,109.55178070068399,86.8708114624023
2018-11-02,70.9250717163086,42.4388313293457,79.99317932128909,164.94905090332,60.82173156738279,54.473518371582,73.5092010498047,65.4635772705078,108.857864379883,85.794677734375
2018-11-05,71.2518310546875,43.2015533447266,80.9520568847656,167.46032714843798,61.535675048828104,54.9711227416992,74.3361434936523,66.05959320068361,110.793022155762,86.357421875
2018-11-06,71.598388671875,43.3286743164062,81.6784744262695,168.196060180664,62.073577880859396,55.6346015930176,74.661003112793,66.7142181396484,112.239501953125,86.78195190429692
2018-11-07,72.6479568481445,43.6806983947754,82.0368347167969,170.236434936523,62.963550567627,55.790714263915994,75.7635955810547,67.2027587890625,113.51007080078101,88.2431182861328
2018-11-08,73.3014602661133,43.7589302062988,81.6784744262695,170.648452758789,63.1200294494629,55.7516860961914,76.5609970092773,67.50564575195311,113.74463653564501,89.30938720703121
2018-11-09,74.0044708251953,44.042507171630895,82.88917541503909,173.19895935058602,63.70683288574221,56.9322853088379,76.83665466308591,68.394775390625,115.46478271484399,89.5660858154297
2018-11-12,73.9450607299805,44.707447052002,83.2184677124023,175.092208862305,64.0393600463867,57.868961334228494,76.4527206420898,69.2252883911133,116.354179382324,88.3122329711914
2018-11-13,73.865852355957,44.893238067627,83.6349563598633,175.258987426758,64.32296752929689,58.2787590026855,76.2952041625977,69.42470550537111,117.23380279541,87.89757537841801
2018-11-14,73.954963684082,44.5533294677734,83.7027587890625,173.454025268555,63.990447998046896,58.4836578369141,75.23199462890621,68.8732452392578,116.588745117188,88.0456695556641
2018-11-15,74.905517578125,44.8784599304199,84.3367004394531,175.769073486328,64.74350738525389,58.630012512207,76.1672286987305,69.43454742431639,116.60828399658199,87.66063690185551
2018-11-16,74.89561462402341,45.2035980224609,84.8653945922852,176.9560546875,65.5650253295898,58.6592826843262,77.1615219116211,69.8284530639648,116.334632873535,87.7593612670898
2018-11-19,75.7570571899414,45.420352935790994,85.8052978515625,178.545211791992,65.8975448608398,58.3958396911621,77.1024551391602,70.50791931152341,116.510551452637,87.00902557373051
2018-11-20,76.0441970825195,44.7700805664062,86.66687774658199,175.366897583008,66.15182495117189,58.2494926452637,75.9506378173828,71.11846923828121,115.816635131836,86.0809783935547
2018-11-21,75.8659744262695,44.28730773925779,84.6402130126953,172.826171875,64.9586715698242,57.225002288818395,75.271369934082,69.7004318237305,114.10626220703101,85.9230194091797
2018-11-23,75.1134567260742,44.188777923584006,84.9339294433594,173.954299926758,65.3498687744141,57.30305480957029,75.4781036376953,69.3951568603516,114.02806854248001,86.43853759765621
2018-11-26,75.6481399536133,44.5336227416992,85.15911865234379,173.660003662109,65.3303146362305,58.0836181640625,75.665153503418,69.51332855224611,114.057388305664,87.5488815307617
2018-11-27,75.5689163208008,44.858757019043,85.99132537841801,174.611541748047,65.96600341796879,58.5226860046387,75.7340621948242,69.936767578125,114.83927154541,88.6988906860352
2018-11-28,76.2422332763672,45.1444816589355,85.7661361694336,174.660598754883,65.9464492797852,58.153873443603494,76.8760299682617,69.5921096801758,114.74154663085899,90.9394149780273
2018-11-29,76.034294128418,44.9966888427734,85.7661361694336,174.838272094727,65.594367980957,57.848991394043,76.81695556640621,69.9170761108398,115.005424499512,91.0682907104492
2018-11-30,76.5788803100586,45.7060775756836,86.7158355712891,179.36915588378898,66.83642578125,58.3899116516113,75.87188720703121,71.3745040893555,117.028549194336,91.4251861572266
2018-12-03,76.5887908935547,45.794750213623,87.7438507080078,180.139099121094,67.2276153564453,58.724300384521506,76.748046875,71.87672424316409,116.461685180664,91.27648162841801
2018-12-04,75.3015823364258,46.2578201293945,88.1648483276367,179.82322692871102,67.43300628662111,59.048854827880895,74.9268112182617,72.1623001098633,116.47145843505899,89.8984527587891
2018-12-06,74.77679443359379,46.208560943603494,87.94945526123051,180.306915283203,67.6188278198242,59.76679992675779,74.293342590332,72.625129699707,116.686470031738,90.7113876342773
2018-12-07,74.1529998779297,46.267673492431605,88.1060943603516,180.504333496094,67.93178558349611,59.3143997192383,73.7588577270508,72.6448287963867,116.813529968262,89.6506118774414
2018-12-10,73.5291976928711,46.30708312988279,88.6152191162109,180.25755310058602,68.1078262329102,59.5110931396484,73.7786636352539,73.2947616577148,116.60828399658199,89.4820785522461
2018-12-11,73.4103775024414,46.198703765869105,88.8893585205078,180.622772216797,68.6261672973633,59.6291160583496,74.1547775268555,73.74774169921879,117.15560913085899,89.0359573364258
2018-12-12,72.9648132324219,46.198703765869105,87.7242660522461,178.974304199219,67.922004699707,58.842323303222706,74.6793594360352,72.7433090209961,116.051200866699,89.6803512573242
2018-12-13,74.123291015625,46.2578201293945,88.9970550537109,179.852828979492,68.6848526000977,59.235713958740206,74.58038330078121,73.8166809082031,117.106742858887,92.6544952392578
2018-12-14,73.6876220703125,46.3661994934082,88.85018920898442,178.905212402344,68.23496246337889,59.540599822998,73.4223403930664,73.225830078125,116.461479187012,90.90966033935551
2018-12-17,73.0539169311523,44.93757629394529,86.2458724975586,173.38722229003898,66.2499313354492,57.386749267578104,71.6704177856445,70.95106506347659,112.442169189453,88.9368133544922
2018-12-18,72.82618713378909,45.1247749328613,85.8248825073242,173.732696533203,66.0627517700195,57.288402557373,72.1059188842773,70.6556396484375,111.939750671387,89.32345581054692
2018-12-19,71.99444580078121,45.045955657959006,85.4038925170898,172.271774291992,66.28933715820311,57.121212005615206,72.5711212158203,70.2223434448242,112.117080688477,89.3432846069336
2018-12-20,71.3904495239258,45.1346282958984,86.29483032226558,172.65675354003898,66.17111968994139,57.052364349365206,72.15541076660159,70.6457824707031,112.836219787598,86.369140625
2018-12-21,70.8557662963867,45.2134475708008,85.8346710205078,171.86706542968798,65.4815292358398,57.3179054260254,70.33420562744139,70.35036468505861,112.353515625,87.3803482055664
2018-12-24,68.47939300537111,43.1838226318359,82.1533889770508,165.914733886719,62.4374847412109,54.987033843994105,68.2853469848633,66.5886306762695,107.32936859130899,86.2700042724609
2018-12-26,70.72705078125,43.8242340087891,83.46533203125,168.145614624023,63.284694671630895,55.6459732055664,70.58164978027341,67.4059677124023,108.01896667480499,89.2144012451172
2018-12-27,71.2518310546875,44.1198120117188,84.1604690551758,169.942184448242,63.8166618347168,55.793495178222706,71.551643371582,68.1248397827148,108.521377563477,90.1760482788086
2018-12-28,71.2221221923828,44.0804023742676,84.31712341308591,170.494964599609,63.70829772949221,55.596794128418,71.7792892456055,67.9574356079102,108.472122192383,90.82044219970699
2018-12-31,71.7546310424805,44.4350929260254,84.4933547973633,171.580795288086,64.0727996826172,55.832836151123,72.9472351074219,68.2036209106445,108.65929412841801,91.1277694702148
2019-01-02,71.1972427368164,43.420280456543,82.9268417358398,167.642196655273,62.5458488464355,54.9575271606445,71.1557235717773,66.5492401123047,106.285140991211,90.65191650390621
2019-01-03,71.0280303955078,43.4695434570312,82.8974685668945,167.227600097656,62.506443023681605,54.7509918212891,69.81951904296879,66.7264938354492,106.72843933105499,88.37173461914058
2019-01-04,72.4712829589844,43.9621734619141,83.58282470703121,170.30740356445298,63.1369209289551,54.96736145019529,71.5813369750977,67.2188720703125,108.353897094727,90.6717376708984
2019-01-07,72.7599334716797,44.0409927368164,83.23036193847659,170.060623168945,62.979305267334006,55.026371002197294,71.3734817504883,66.91359710693361,107.98941040039101,90.5725936889648
2019-01-08,73.63584899902341,44.720817565918,84.2779541015625,171.304382324219,64.1319046020508,55.6754760742188,71.6902160644531,67.6029205322266,108.94497680664101,90.3941497802734
2019-01-09,73.5661697387695,44.35627746582029,83.034538269043,170.564041137695,63.787109375,55.1345558166504,72.5315322875977,67.1991729736328,108.43270874023399,90.3544921875
2019-01-10,74.2031936645508,45.114925384521506,83.4849090576172,173.130569458008,65.0677871704102,55.921348571777294,72.9373474121094,68.39071655273439,110.03845977783199,90.99889373779301
2019-01-11,74.3027267456055,45.114925384521506,82.83872985839841,173.44645690918,65.0086669921875,55.5377883911133,71.9574508666992,68.3808746337891,110.196090698242,90.15621948242192
2019-01-14,73.5064468383789,44.375980377197294,81.9086227416992,169.024154663086,64.60476684570311,55.1148834228516,71.9178695678711,67.5635299682617,108.314498901367,89.2243118286133
2019-01-15,74.5316543579102,45.114925384521506,83.3576354980469,172.469207763672,65.42242431640621,55.419769287109396,72.1653137207031,68.8437042236328,109.595161437988,89.61095428466801
2019-01-16,74.07379150390621,45.1247749328613,83.4849090576172,172.42970275878898,65.6687088012695,55.3607597351074,72.9670333862305,69.217903137207,110.06802368164101,89.0557861328125
2019-01-17,74.73072814941409,45.3415336608887,83.84716796875,173.229293823242,66.2794876098633,55.6656379699707,73.1550979614258,69.84814453125,111.506301879883,89.9182815551758
2019-01-18,75.9052352905273,45.4006500244141,83.8080062866211,173.821533203125,66.6636810302734,55.7246513366699,73.6499938964844,69.7792129516602,111.29943084716801,91.5639801025391
2019-01-22,75.8256072998047,45.5681381225586,83.8177947998047,175.094924926758,66.48635864257811,55.8721733093262,72.63050842285159,69.9269256591797,111.358535766602,91.2566604614258
2019-01-23,75.9151840209961,46.1789970397949,84.326904296875,177.06916809082,67.28432464599611,55.980354309082,72.9472351074219,70.7048797607422,112.57023620605499,91.98035430908199
2019-01-24,75.487190246582,46.267673492431605,84.8849716186523,177.957565307617,67.4419403076172,56.1967239379883,72.7591857910156,71.11846923828121,113.781944274902,92.1092376708984
2019-01-25,75.8853302001953,45.745491027832,84.0527725219727,171.955902099609,66.2794876098633,55.8426704406738,72.74928283691409,69.9564666748047,112.432319641113,91.9109573364258
2019-01-28,75.3777084350586,45.4696159362793,83.8569641113281,170.248184204102,66.1120147705078,55.7738227844238,72.2345962524414,69.8579940795898,112.402763366699,91.7919921875
2019-01-29,75.68626403808591,45.5188789367676,83.8373794555664,170.633148193359,66.3484420776367,55.58695983886721,71.185417175293,70.0450897216797,113.220420837402,91.87130737304692
2019-01-30,76.20384216308591,45.9622459411621,84.2485885620117,171.353744506836,66.5750274658203,55.763988494873,72.1455154418945,70.35036468505861,113.57506561279301,92.6445770263672
2019-01-31,76.353141784668,47.055877685546896,85.9423675537109,176.67430114746102,68.377815246582,56.3737564086914,73.9469223022461,71.9161148071289,115.99847412109399,93.1700210571289
2019-02-01,76.59202575683591,46.76029968261721,85.9423675537109,175.529266357422,68.1118240356445,56.2754096984863,76.0947570800781,71.6994705200195,115.61428070068399,93.31871795654301
2019-02-04,77.3684005737305,46.6420707702637,85.98153686523442,175.8056640625,67.9936065673828,56.472103118896506,76.43128967285159,71.9751892089844,115.643829345703,93.8342437744141
2019-02-05,77.8163070678711,46.592811584472706,86.6473007202148,175.874755859375,68.2792892456055,56.49177551269529,77.6586227416992,71.9161148071289,115.55517578125,93.6260604858398
2019-02-06,77.0100784301758,46.6223678588867,86.6081314086914,175.8056640625,67.9936065673828,56.2655715942383,77.599235534668,72.0441360473633,115.338447570801,93.7747573852539
2019-02-07,77.3684005737305,47.4204254150391,87.60678100585942,179.013778686523,68.97873687744139,56.688472747802706,77.19342041015621,72.8614730834961,116.540298461914,93.79458618164058
2019-02-08,76.3232803344727,47.016471862793,88.4096145629883,180.652389526367,69.00830078125,57.1408767700195,78.02484130859379,73.58033752441409,116.796424865723,93.6756134033203
2019-02-11,76.5422592163086,47.09529113769529,88.2823333740234,180.652389526367,69.1068115234375,57.11137390136721,79.0740127563477,73.88560485839841,117.269287109375,92.4562225341797
2019-02-12,77.2091445922852,47.2135200500488,88.3410797119141,180.90905761718798,69.2348709106445,57.3375778198242,78.8760604858398,73.8954620361328,117.712593078613,93.2394180297852
2019-02-13,76.8607711791992,47.193817138671896,87.71446990966801,180.494476318359,69.0181427001953,57.4850997924805,78.7275924682617,73.6274642944336,117.574668884277,92.94066619873051
2019-02-14,76.1938934326172,47.1544036865234,86.88098907470699,180.25755310058602,69.0575485229492,57.455596923828104,78.07432556152341,73.7167892456055,117.436752319336,93.45849609375
2019-02-15,77.26885986328121,47.5485038757324,86.5743026733398,181.669128417969,69.1560592651367,57.7998199462891,79.02452087402341,73.9153060913086,118.02783203125,93.7273712158203
2019-02-19,76.91053771972659,47.799167633056605,86.9997024536133,182.981994628906,69.35308837890621,58.3112373352051,79.5491180419922,74.35203552246091,118.717422485352,94.1256942749023
2019-02-20,76.8707275390625,47.7793121337891,87.8999710083008,183.24851989746102,69.2250213623047,58.409584045410206,79.6678848266602,74.5406112670898,119.958671569824,94.3248672485352
2019-02-21,77.2788162231445,48.136692047119105,88.6320571899414,184.156661987305,69.4811553955078,58.8816604614258,79.8163528442383,75.1559982299805,120.91424560546899,94.48419189453121
2019-02-22,77.26885986328121,48.3848686218262,88.9486465454102,185.706451416016,69.25457763671879,54.5739669799805,79.7767639160156,76.0691452026367,121.879669189453,94.99207305908199
2019-02-25,77.3285903930664,48.0671997070312,88.5232391357422,185.459671020508,68.33840942382811,54.7214889526367,79.519416809082,74.9574813842773,120.993057250977,93.10995483398442
2019-02-26,77.13946533203121,48.206180572509794,87.9296493530273,185.805145263672,68.6240997314453,54.869014739990206,79.0740127563477,74.77882385253909,120.480796813965,92.9705429077148
2019-02-27,77.63714599609379,47.94807434082029,88.3253707885742,185.63621520996102,68.6240997314453,54.5739669799805,79.6975784301758,75.0368881225586,120.539901733398,92.7215805053711
2019-02-28,78.0651397705078,48.2359619140625,88.7013168334961,186.540496826172,68.771858215332,54.987033843994105,79.8866500854492,75.7118225097656,121.72205352783199,94.1057815551758
2019-03-01,78.1547164916992,48.18632507324221,88.5727005004883,186.381500244141,68.70290374755861,54.5853042602539,79.92645263671879,75.46368408203121,121.07186889648399,94.9721527099609
2019-03-04,77.6869125366211,48.096981048584006,88.9189605712891,187.057235717773,68.469612121582,54.8233642578125,79.2298889160156,75.6919784545898,121.27874755859399,94.7431106567383
2019-03-05,77.7068176269531,48.0671997070312,88.5727005004883,187.13673400878898,68.0923614501953,54.6349029541016,79.60801696777341,75.6820449829102,120.93395233154301,95.52981567382808
2019-03-06,78.0850448608398,48.0771255493164,88.61227416992192,186.391448974609,68.5688858032227,54.3968391418457,78.4935073852539,75.9401168823242,120.559600830078,96.197021484375
2019-03-07,78.1149139404297,48.196250915527294,88.6221694946289,186.749176025391,68.8865585327148,54.9423942565918,77.8566436767578,76.2577285766602,120.67781829834,96.1372756958008
2019-03-08,77.5376052856445,48.4245758056641,89.23553466796879,187.514343261719,69.17446136474611,55.30940246582029,77.5282669067383,76.4264602661133,121.367401123047,96.26673126220699
2019-03-11,78.1149139404297,48.7223930358887,89.39382934570308,188.30931091308602,69.7701034545898,55.8946380615234,78.65272521972659,76.5753479003906,121.85012054443399,97.3820571899414
2019-03-12,78.0750961303711,49.0996208190918,89.54222869873051,189.690582275391,69.99843597412111,56.271568298339794,78.6825790405273,77.0021438598633,122.214614868164,97.5712661743164
2019-03-13,78.3338851928711,49.268383026123,89.5916900634766,189.770080566406,70.0877838134766,56.4699516296387,78.67262268066409,77.2205047607422,122.313125610352,98.22850799560551
2019-03-14,78.5628128051758,49.258453369140604,89.39382934570308,189.78001403808602,70.40545654296879,56.6584129333496,79.2000274658203,77.0418472290039,122.529853820801,98.5671005249023
2019-03-15,78.2642059326172,49.6356887817383,89.68072509765621,190.038391113281,71.209587097168,57.2039680480957,79.8866500854492,78.2924575805664,123.07086181640601,100.47908782959
2019-03-18,78.6125869750977,49.3080902099609,89.0970306396484,189.670700073242,70.7429962158203,56.4104347229004,79.14031982421879,77.8061065673828,122.435546875,99.82183837890621
2019-03-19,78.4533309936523,48.7223930358887,88.1670913696289,187.31559753418,69.6906814575195,55.973991394043,78.841796875,77.03192138671879,121.244346618652,98.8260040283203
2019-03-20,78.0452423095703,48.742244720459006,88.4243011474609,188.67698669433602,69.71054077148439,56.043426513671896,77.43870544433591,77.16094970703121,121.50244140625,98.15880584716801
2019-03-21,78.9908142089844,49.2981643676758,88.9486465454102,190.704177856445,70.3458938598633,56.876636505127,78.51341247558591,78.1832733154297,122.336280822754,98.7762222290039
2019-03-22,78.532958984375,49.913646697998,89.7301864624023,192.711471557617,71.1698760986328,57.5313034057617,78.4935073852539,78.7391052246094,123.97418212890601,98.55713653564449
2019-03-25,79.0604934692383,50.0129203796387,89.7994384765625,192.393493652344,71.2492904663086,57.3329200744629,78.2148818969727,78.9475402832031,124.192573547363,98.55713653564449
2019-03-26,80.23500061035159,50.310733795165994,90.5513153076172,193.774765014648,71.4279861450195,57.977668762207,78.304443359375,79.3048629760742,124.986709594727,98.3380508422852
2019-03-27,79.8866271972656,50.1618232727051,89.5125503540039,192.70153808593798,70.7132186889648,57.680091857910206,77.8367462158203,78.8185119628906,124.271987915039,98.5671005249023
2019-03-28,80.23500061035159,49.397434234619105,88.4243011474609,190.714111328125,69.8296661376953,57.4817085266113,76.752082824707,77.8755874633789,122.87232208251999,98.7264251708984
2019-03-29,80.379997253418,49.764739990234396,89.0376739501953,192.105316162109,70.43524169921879,57.5808982849121,77.7173309326172,78.490966796875,123.82527923584,99.3936309814453
2019-04-01,79.9899978637695,49.47685241699221,88.3253707885742,189.293106079102,70.16720581054689,56.965911865234396,78.6427688598633,77.528190612793,122.89218139648399,100.16042327880899
2019-04-02,79.7399978637695,49.9235763549805,88.1769790649414,188.289443969727,70.2168426513672,57.035343170165994,78.1850280761719,77.6671524047852,122.99144744873001,99.7620849609375
2019-04-03,79.9300003051758,49.5761222839355,87.8999710083008,188.120513916016,69.99843597412111,56.8568000793457,77.9860076904297,77.3296890258789,122.564598083496,100.120590209961
2019-04-04,79.5500030517578,49.2783088684082,88.39462280273442,187.216217041016,69.8495254516602,56.1128616333008,78.284538269043,76.89295959472659,121.919364929199,100.030960083008
2019-04-05,79.7600021362305,49.5364189147949,89.56201171875,188.885681152344,70.5643005371094,56.8568000793457,77.9163513183594,77.6373748779297,123.07086181640601,99.5430068969727
2019-04-08,79.7300033569336,49.258453369140604,89.1464996337891,187.454727172852,70.10764312744139,56.6484985351562,77.57801818847659,76.5753479003906,121.72083282470699,99.1745452880859
2019-04-09,79.2900009155273,49.159183502197294,89.28500366210942,188.518005371094,70.2664794921875,56.8171195983887,77.5979232788086,76.89295959472659,122.326362609863,99.0650100708008
2019-04-10,79.6500015258789,49.1988945007324,88.9783172607422,187.434844970703,69.7998809814453,56.698093414306605,78.2148818969727,76.3669128417969,122.10797119140601,99.62267303466801
2019-04-11,77.4300003051758,49.4172897338867,89.2948989868164,188.845916748047,70.0877838134766,56.946071624755895,79.2796325683594,76.8135528564453,123.01129150390601,100.349624633789
2019-04-12,78.2200012207031,49.3378753662109,89.4828643798828,189.650848388672,70.16720581054689,57.253566741943395,80.12547302246091,77.2403564453125,123.50762939453101,100.976997375488
2019-04-15,79.0800018310547,49.824302673339794,89.4729766845703,189.958892822266,70.2664794921875,57.323001861572294,80.2150344848633,77.1013946533203,123.547332763672,101.215995788574
2019-04-16,78.7600021362305,48.8415184020996,88.1374053955078,188.329193115234,69.64105224609379,56.6088180541992,80.5036163330078,75.8904800415039,121.90943145751999,101.206039428711
2019-04-17,78.5999984741211,48.533775329589794,88.10772705078121,188.45837402343798,69.7006149291992,56.350921630859396,79.8667526245117,75.8507766723633,121.90943145751999,101.07658386230499
2019-04-18,79.0400009155273,49.0400619506836,88.1868743896484,188.170196533203,69.45242309570311,56.1128616333008,80.0259628295898,75.7217483520508,122.306503295898,102.88899230956999
2019-04-22,78.9300003051758,49.119476318359396,87.78125762939449,189.183792114258,69.48220825195311,55.9541511535645,79.7871398925781,75.8110733032227,121.820098876953,102.74957275390601
2019-04-23,79.55999755859379,49.3775825500488,88.0582656860352,188.59748840332,69.8892364501953,56.093021392822294,81.18028259277341,76.1783218383789,122.237014770508,102.490653991699
2019-04-24,79.3199996948242,49.7051773071289,88.72109985351558,188.865798950195,70.3458938598633,56.6187400817871,81.6579284667969,76.47608947753909,123.130416870117,102.908905029297
2019-04-25,79.4700012207031,50.0228462219238,89.4828643798828,189.283157348633,70.3260345458984,56.727848052978494,82.3843536376953,77.2205047607422,123.25946044921899,103.01844024658199
2019-04-26,80.5500030517578,50.102264404296896,89.35425567626949,190.505432128906,70.5047302246094,56.698093414306605,82.7425918579102,77.0616912841797,123.42821502685499,103.655776977539
2019-04-29,82.11000061035159,49.7151069641113,88.6221694946289,190.56506347656202,70.06793212890621,56.5096282958984,82.54356384277341,76.3669128417969,122.713500976562,103.366989135742
2019-04-30,82.8199996948242,50.578765869140604,90.1457061767578,193.21827697753898,71.1400985717773,57.3527603149414,83.2102890014648,77.84580993652341,124.78816986084,103.95452880859399
2019-05-01,82.0199966430664,49.9235763549805,89.44329833984379,192.055633544922,70.6139373779297,56.965911865234396,81.9166564941406,77.0716247558594,123.100639343262,101.514747619629
2019-05-02,82.19000244140621,49.3676528930664,88.8497085571289,190.51536560058602,71.001106262207,57.075023651123,82.4838562011719,77.03192138671879,123.20983123779301,101.315574645996
2019-05-03,83.2600021362305,49.516563415527294,89.1959686279297,191.201034545898,71.5570449829102,57.1345367431641,82.7226791381836,77.72669982910159,124.30176544189501,102.29149627685499
2019-05-06,83.25,49.0301322937012,88.5232391357422,189.70051574707,71.34857177734379,57.2039680480957,83.15057373046879,77.5182647705078,124.162796020508,101.982788085938
2019-05-07,82.6600036621094,48.7223930358887,88.3055953979492,188.557754516602,70.9911804199219,57.14445495605471,81.85694885253909,77.7763290405273,123.656532287598,101.04670715331999
2019-05-08,82.5400009155273,48.226036071777294,86.8612060546875,186.699508666992,69.8892364501953,56.6484985351562,82.2848434448242,76.823486328125,122.127822875977,100.07079315185499
2019-05-09,82.6699981689453,48.404720306396506,85.9015731811523,187.424911499023,69.93886566162111,56.4798698425293,81.8171463012695,76.89295959472659,122.693641662598,100.31974792480499
2019-05-10,84.0800018310547,48.9705696105957,87.04916381835942,190.555114746094,71.239372253418,57.650333404540994,83.06101989746091,78.620002746582,125.056198120117,101.006874084473
2019-05-13,83.6999969482422,49.4569969177246,87.10852813720699,193.705184936523,72.4604415893555,57.9181518554688,81.5484619140625,79.86000061035159,126.475708007812,99.9911346435547
2019-05-14,83.7600021362305,48.970001220703104,86.07965087890621,193.675384521484,72.06333923339841,57.551143646240206,82.0758743286133,79.5199966430664,125.20508575439501,100.26000213623001
2019-05-15,84.0299987792969,48.7700004577637,85.86199951171879,193.635635375977,72.0732727050781,57.7396049499512,82.3047409057617,79.63999938964841,124.75839233398399,100.360000610352
2019-05-16,85.0899963378906,48.9099998474121,86.23999786376949,195.871505737305,72.59942626953121,57.898311614990206,83.3794479370117,80.25,125.83047485351601,100.87000274658199
2019-05-17,84.8300018310547,48.9799995422363,87.1999969482422,197.72975158691398,72.99652099609379,58.2256469726562,82.9416046142578,80.9000015258789,126.515411376953,101.300003051758
2019-05-20,84.8199996948242,48.9300003051758,86.9599990844727,198.09742736816398,73.0957946777344,58.205810546875,82.8819046020508,81.2699966430664,126.445922851562,100.69000244140601
2019-05-21,85.1600036621094,48.9300003051758,87.0800018310547,197.650253295898,73.2050018310547,58.285160064697294,83.4391555786133,80.86000061035159,126.277168273926,101.779998779297
2019-05-22,84.9700012207031,49.2700004577637,87.80999755859379,200.661209106445,73.7399978637695,58.5133056640625,84.3745498657227,81.7600021362305,127.349243164062,101.459999084473
2019-05-23,84.80999755859379,49.6599998474121,88.9000015258789,202.251159667969,74.8399963378906,58.9596672058105,83.73768615722659,82.2300033569336,128.38162231445298,101.389999389648
2019-05-24,84.55999755859379,49.560001373290994,88.80999755859379,202.09216308593798,74.879997253418,58.9299087524414,83.86705017089841,82.4100036621094,127.845581054688,100.98999786376999
2019-05-28,84.0500030517578,48.779998779296896,87.12000274658199,199.90599060058602,74.129997253418,58.3050003051758,83.4988632202148,81.3499984741211,124.93707275390601,99.8000030517578
2019-05-29,83.6699981689453,48.25,85.80999755859379,197.471389770508,72.88999938964841,57.959999084472706,83.6282272338867,80.3000030517578,123.82527923584,99.6500015258789
2019-05-30,84.0,48.040000915527294,85.5299987792969,197.690002441406,73.1699981689453,57.959999084472706,84.0660705566406,80.0299987792969,123.309097290039,101.550003051758
2019-05-31,84.5899963378906,48.08000183105471,85.61000061035159,198.210006713867,73.8399963378906,58.1399993896484,83.7874374389648,80.5500030517578,124.54993438720699,102.349998474121
2019-06-03,85.4700012207031,48.5200004577637,86.0199966430664,199.580001831055,74.8300018310547,59.0200004577637,85.1606826782227,81.55999755859379,125.909881591797,104.110000610352
2019-06-04,84.5299987792969,48.709999084472706,85.9000015258789,199.38000488281202,74.38999938964841,58.6399993896484,85.4492645263672,81.2900009155273,125.463180541992,106.970001220703
2019-06-05,86.19000244140621,49.720001220703104,87.22000122070308,204.649993896484,76.3199996948242,59.959999084472706,87.3300018310547,83.0299987792969,128.183090209961,107.290000915527
2019-06-06,86.37000274658199,50.2299995422363,87.7099990844727,205.75999450683602,76.8499984741211,60.5099983215332,87.30999755859379,83.5800018310547,128.619873046875,108.41999816894501
2019-06-07,86.7900009155273,49.9500007629395,87.0400009155273,204.389999389648,76.3000030517578,60.4799995422363,87.7900009155273,82.9599990844727,127.63713073730499,109.069999694824
2019-06-10,86.5699996948242,49.5699996948242,86.2900009155273,203.419998168945,76.0199966430664,59.8400001525879,87.8199996948242,82.7399978637695,127.289688110352,108.650001525879
2019-06-11,86.16000366210942,49.209999084472706,85.63999938964841,201.970001220703,75.4800033569336,59.290000915527294,87.4499969482422,82.0199966430664,126.68416595459,107.569999694824
2019-06-12,86.8199996948242,50.4500007629395,86.6500015258789,204.550003051758,76.5100021362305,60.380001068115206,87.7099990844727,83.36000061035159,128.202941894531,108.94000244140601
2019-06-13,86.1999969482422,50.16999816894529,86.7699966430664,204.77000427246102,76.6699981689453,60.16999816894529,87.12000274658199,83.61000061035159,127.924995422363,108.98000335693399
2019-06-14,86.98999786376949,50.7999992370605,87.87000274658199,206.960006713867,77.4100036621094,60.66999816894529,87.6999969482422,84.30999755859379,129.539993286133,109.790000915527
2019-06-17,86.7900009155273,50.4500007629395,87.9499969482422,206.36999511718798,76.5,60.2599983215332,86.2900009155273,84.129997253418,129.740005493164,109.16000366210899
2019-06-18,86.30999755859379,49.9000015258789,87.23999786376949,205.419998168945,76.2900009155273,60.369998931884794,86.0400009155273,84.25,128.97000122070298,108.709999084473
2019-06-19,86.6800003051758,50.0,87.6500015258789,206.24000549316398,77.1699981689453,60.9000015258789,86.7900009155273,84.94000244140621,130.47000122070298,109.449996948242
